URL,Version,Status,OIDs,Name,Title,Descriptino,Uses,Used,Sources
http://hl7.org/fhir/ValueSet/administrative-gender,4.0.1,active,"2.16.840.1.113883.4.642.3.1",AdministrativeGender,AdministrativeGender,"The gender of a person used for administrative purposes.","StructureDefinition/us-core-patient","hl7.fhir.r4.core"
http://hl7.org/fhir/ValueSet/contact-point-system,4.0.1,active,"2.16.840.1.113883.4.642.3.71",ContactPointSystem,ContactPointSystem,"Telecommunications form for contact point.","StructureDefinition/us-core-patient","hl7.fhir.r4.core"
http://hl7.org/fhir/ValueSet/contact-point-use,4.0.1,active,"2.16.840.1.113883.4.642.3.73",ContactPointUse,ContactPointUse,"Use of contact point.","StructureDefinition/us-core-patient","hl7.fhir.r4.core"
http://hl7.org/fhir/us/core/ValueSet/simple-language,6.1.0,active,,LanguageCodesWithLanguageAndOptionallyARegionModifier,Language codes with language and optionally a region modifier,"This value set includes codes from [BCP-47](http://tools.ietf.org/html/bcp47). This value set matches the ONC 2015 Edition LanguageCommunication data element value set within C-CDA to use a 2 character language code if one exists,   and a 3 character code if a 2 character code does not exist. It points back to [RFC 5646](https://tools.ietf.org/html/rfc5646), however only the language codes are required, all other elements are optional.","StructureDefinition/us-core-patient","hl7.terminology.r4"
http://hl7.org/fhir/us/core/ValueSet/us-core-usps-state,6.1.0,active,"2.16.840.1.113883.4.642.3.40",UspsTwoLetterAlphabeticCodes,USPS Two Letter Alphabetic Codes,"This value set defines two letter USPS alphabetic codes.","StructureDefinition/us-core-patient","Other"
http://hl7.org/fhir/us/core/ValueSet/uscore-common-sdoh-assessments,0.0.0,active,,USCoreCommonSDOHAssessments,US Core Common SDOH Assessments ValueSet,"Common SDOH assessment concepts covering the following categories (Gravity Project SDOH Domains):  - Food (Food Insecurity)  - Housing (Housing Instability)  - Health (Social Connection, Stress)  - Employment (Employment Status)  - Care (SDOH Category Unspecified)  - Transit (Transportation Insecurity)  - Money (Financial Insecurity)  - Goods (Material Hardship)  - Education (SDOH Category Unspecified)  - Legal (SDOH Category Unspecified)",,"LOINC"
http://hl7.org/fhir/us/core/ValueSet/uscore-pa-codes,0.0.0,draft,,USCorePaCodesValueSet,US Core PA Codes ValueSet,"A starter set of Physical Activity codes based off the [Physical activity IG](https://hl7.org/fhir/us/physical-activity/)",,"LOINC"
