{
  "resourceType" : "Bundle",
  "id" : "fd39698d-da6f-429a-8e4d-b5ec0ac726be",
  "meta" : {
    "lastUpdated" : "2024-04-04T02:04:39.796+00:00"
  },
  "type" : "collection",
  "entry" : [{
    "fullUrl" : "http://hl7.org/fhir/us/core/ValueSet/uscore-common-sdoh-assessments",
    "resource" : {
      "resourceType" : "ValueSet",
      "text" : {
        "status" : "generated",
        "div" : "<div xmlns=\"http://www.w3.org/1999/xhtml\"><p style=\"border: black 1px dotted; background-color: #EEEEEE; padding: 8px; margin-bottom: 8px\">Expansion based on Loinc v2.77</p><p style=\"border: maroon 1px solid; background-color: #FFCCCC; font-weight: bold; padding: 8px\">This value set has 19 codes in it. In order to keep the publication size manageable, only a selection (16 codes) of the whole set of codes is shown.</p><table class=\"codes\"><tr><td style=\"white-space:nowrap\"><b>Code</b></td><td><b>System</b></td><td><b>Display</b></td></tr><tr><td style=\"white-space:nowrap\"><a name=\"http---loinc.org-88123-5\"> </a>\u00a0\u00a0<a href=\"https://loinc.org/88123-5/\">88123-5</a></td><td>http://loinc.org</td><td>Within the past 12 months the food we bought just didn't last and we didn't have money to get more [U.S. FSS]</td></tr><tr><td style=\"white-space:nowrap\"><a name=\"http---loinc.org-88122-7\"> </a>\u00a0\u00a0<a href=\"https://loinc.org/88122-7/\">88122-7</a></td><td>http://loinc.org</td><td>Within the past 12 months we worried whether our food would run out before we got money to buy more [U.S. FSS]</td></tr><tr><td style=\"white-space:nowrap\"><a name=\"http---loinc.org-96779-4\"> </a>\u00a0\u00a0<a href=\"https://loinc.org/96779-4/\">96779-4</a></td><td>http://loinc.org</td><td>Has the electric, gas, oil, or water company threatened to shut off services in your home in past 12 months</td></tr><tr><td style=\"white-space:nowrap\"><a name=\"http---loinc.org-71802-3\"> </a>\u00a0\u00a0<a href=\"https://loinc.org/71802-3/\">71802-3</a></td><td>http://loinc.org</td><td>Housing status</td></tr><tr><td style=\"white-space:nowrap\"><a name=\"http---loinc.org-93029-7\"> </a>\u00a0\u00a0<a href=\"https://loinc.org/93029-7/\">93029-7</a></td><td>http://loinc.org</td><td>How often do you see or talk to people that you care about and feel close to [PRAPARE]</td></tr><tr><td style=\"white-space:nowrap\"><a name=\"http---loinc.org-76437-3\"> </a>\u00a0\u00a0<a href=\"https://loinc.org/76437-3/\">76437-3</a></td><td>http://loinc.org</td><td>Primary insurance</td></tr><tr><td style=\"white-space:nowrap\"><a name=\"http---loinc.org-81375-8\"> </a>\u00a0\u00a0<a href=\"https://loinc.org/81375-8/\">81375-8</a></td><td>http://loinc.org</td><td>Self assessment of health status [Reported]</td></tr><tr><td style=\"white-space:nowrap\"><a name=\"http---loinc.org-93038-8\"> </a>\u00a0\u00a0<a href=\"https://loinc.org/93038-8/\">93038-8</a></td><td>http://loinc.org</td><td>Stress level</td></tr><tr><td style=\"white-space:nowrap\"><a name=\"http---loinc.org-96780-2\"> </a>\u00a0\u00a0<a href=\"https://loinc.org/96780-2/\">96780-2</a></td><td>http://loinc.org</td><td>Wants help finding or keeping work or a job</td></tr><tr><td style=\"white-space:nowrap\"><a name=\"http---loinc.org-67875-5\"> </a>\u00a0\u00a0<a href=\"https://loinc.org/67875-5/\">67875-5</a></td><td>http://loinc.org</td><td>Employment status - current</td></tr><tr><td style=\"white-space:nowrap\"><a name=\"http---loinc.org-95618-5\"> </a>\u00a0\u00a0<a href=\"https://loinc.org/95618-5/\">95618-5</a></td><td>http://loinc.org</td><td>Physically hurt you [HITS]</td></tr><tr><td style=\"white-space:nowrap\"><a name=\"http---loinc.org-93031-3\"> </a>\u00a0\u00a0<a href=\"https://loinc.org/93031-3/\">93031-3</a></td><td>http://loinc.org</td><td>Have you or any family members you live with been unable to get any of the following when it was really needed in past 1 year [PRAPARE]</td></tr><tr><td style=\"white-space:nowrap\"><a name=\"http---loinc.org-93030-5\"> </a>\u00a0\u00a0<a href=\"https://loinc.org/93030-5/\">93030-5</a></td><td>http://loinc.org</td><td>Has lack of transportation kept you from medical appointments, meetings, work, or from getting things needed for daily living</td></tr><tr><td style=\"white-space:nowrap\"><a name=\"http---loinc.org-63586-2\"> </a>\u00a0\u00a0<a href=\"https://loinc.org/63586-2/\">63586-2</a></td><td>http://loinc.org</td><td>What was your best estimate of the total income of all family members from all sources, before taxes, in last year [PhenX]</td></tr><tr><td style=\"white-space:nowrap\"><a name=\"http---loinc.org-96782-8\"> </a>\u00a0\u00a0<a href=\"https://loinc.org/96782-8/\">96782-8</a></td><td>http://loinc.org</td><td>Wants help with school or training</td></tr><tr><td style=\"white-space:nowrap\"><a name=\"http---loinc.org-93677-3\"> </a>\u00a0\u00a0<a href=\"https://loinc.org/93677-3/\">93677-3</a></td><td>http://loinc.org</td><td>Do you need help with legal issues [WellRx]</td></tr></table></div>"
      },
      "url" : "http://hl7.org/fhir/us/core/ValueSet/uscore-common-sdoh-assessments",
      "version" : "0.0.0",
      "name" : "USCoreCommonSDOHAssessments",
      "title" : "US Core Common SDOH Assessments ValueSet",
      "status" : "active",
      "experimental" : true,
      "date" : "2021-11-15",
      "jurisdiction" : [{
        "coding" : [{
          "system" : "urn:iso:std:iso:3166",
          "code" : "US"
        }]
      }],
      "expansion" : {
        "identifier" : "urn:uuid:48fdedc2-2904-48dc-848e-2d60eb675718",
        "timestamp" : "2024-04-04T02:05:09+00:00",
        "total" : 19,
        "offset" : 0,
        "parameter" : [{
          "name" : "count",
          "valueInteger" : 1000
        },
        {
          "name" : "offset",
          "valueInteger" : 0
        },
        {
          "name" : "excludeNested",
          "valueBoolean" : false
        },
        {
          "name" : "used-valueset",
          "valueUri" : "null"
        },
        {
          "name" : "used-codesystem",
          "valueUri" : "http://loinc.org|2.77"
        },
        {
          "name" : "version",
          "valueUri" : "http://loinc.org|2.77"
        }],
        "contains" : [{
          "system" : "http://loinc.org",
          "code" : "88123-5",
          "display" : "Within the past 12 months the food we bought just didn't last and we didn't have money to get more [U.S. FSS]"
        },
        {
          "system" : "http://loinc.org",
          "code" : "88122-7",
          "display" : "Within the past 12 months we worried whether our food would run out before we got money to buy more [U.S. FSS]"
        },
        {
          "system" : "http://loinc.org",
          "code" : "96779-4",
          "display" : "Has the electric, gas, oil, or water company threatened to shut off services in your home in past 12 months"
        },
        {
          "system" : "http://loinc.org",
          "code" : "71802-3",
          "display" : "Housing status"
        },
        {
          "system" : "http://loinc.org",
          "code" : "93029-7",
          "display" : "How often do you see or talk to people that you care about and feel close to [PRAPARE]"
        },
        {
          "system" : "http://loinc.org",
          "code" : "76437-3",
          "display" : "Primary insurance"
        },
        {
          "system" : "http://loinc.org",
          "code" : "81375-8",
          "display" : "Self assessment of health status [Reported]"
        },
        {
          "system" : "http://loinc.org",
          "code" : "93038-8",
          "display" : "Stress level"
        },
        {
          "system" : "http://loinc.org",
          "code" : "96780-2",
          "display" : "Wants help finding or keeping work or a job"
        },
        {
          "system" : "http://loinc.org",
          "code" : "67875-5",
          "display" : "Employment status - current"
        },
        {
          "system" : "http://loinc.org",
          "code" : "95618-5",
          "display" : "Physically hurt you [HITS]"
        },
        {
          "system" : "http://loinc.org",
          "code" : "93031-3",
          "display" : "Have you or any family members you live with been unable to get any of the following when it was really needed in past 1 year [PRAPARE]"
        },
        {
          "system" : "http://loinc.org",
          "code" : "93030-5",
          "display" : "Has lack of transportation kept you from medical appointments, meetings, work, or from getting things needed for daily living"
        },
        {
          "system" : "http://loinc.org",
          "code" : "63586-2",
          "display" : "What was your best estimate of the total income of all family members from all sources, before taxes, in last year [PhenX]"
        },
        {
          "system" : "http://loinc.org",
          "code" : "96782-8",
          "display" : "Wants help with school or training"
        },
        {
          "system" : "http://loinc.org",
          "code" : "93677-3",
          "display" : "Do you need help with legal issues [WellRx]"
        }]
      }
    }
  }]
}