[
  {
    "id" : "us-core-condition-encounter-diagnosis",
    "type" : "StructureDefinition",
    "url" : "http://hl7.org/fhir/us/core/StructureDefinition/us-core-condition-encounter-diagnosis",
    "version" : "0.0.0",
    "name" : "USCoreConditionEncounterDiagnosisProfile"
  },
  {
    "id" : "us-core-observation-lab",
    "type" : "StructureDefinition",
    "url" : "http://hl7.org/fhir/us/core/StructureDefinition/us-core-observation-lab",
    "version" : "0.0.0",
    "name" : "USCoreLaboratoryResultObservationProfile"
  },
  {
    "id" : "us-core-patient",
    "type" : "StructureDefinition",
    "url" : "http://hl7.org/fhir/us/core/StructureDefinition/us-core-patient",
    "version" : "0.0.0",
    "name" : "USCorePatientProfile"
  },
  {
    "id" : "uscore-common-sdoh-assessments",
    "type" : "ValueSet",
    "url" : "http://hl7.org/fhir/us/core/ValueSet/uscore-common-sdoh-assessments",
    "version" : "0.0.0",
    "name" : "USCoreCommonSDOHAssessments"
  },
  {
    "id" : "uscdi4-sandbox",
    "type" : "ImplementationGuide",
    "url" : "http://www.fhir.org/guides/uscdi4-sandbox/ImplementationGuide/uscdi4-sandbox",
    "version" : "0.0.0",
    "name" : "USCDI4_1Sandbox"
  }
]
