<?xml version="1.0" encoding="UTF-8"?>

<Condition xmlns="http://hl7.org/fhir">
  <id value="encounter-diagnosis-example4"/>
  <meta>
    <profile value="http://hl7.org/fhir/us/core/StructureDefinition/us-core-condition-encounter-diagnosis"/>
  </meta>
  <text>
    <status value="extensions"/><div xmlns="http://www.w3.org/1999/xhtml"><p><b>Generated Narrative: Condition</b><a name="encounter-diagnosis-example4"> </a><a name="hcencounter-diagnosis-example4"> </a></p><div style="display: inline-block; background-color: #d9e0e7; padding: 6px; margin: 4px; border: 1px solid #8da1b4; border-radius: 5px; line-height: 60%"><p style="margin-bottom: 0px">Resource Condition &quot;encounter-diagnosis-example4&quot; </p><p style="margin-bottom: 0px">Profile: <a href="http://hl7.org/fhir/us/core/STU6.1/StructureDefinition-us-core-condition-encounter-diagnosis.html">US Core Condition Encounter Diagnosis Profile</a></p></div><p><b>assertedDate</b>: 2015-10-31</p><p><b>clinicalStatus</b>: Resolved <span style="background: LightGoldenRodYellow; margin: 4px; border: 1px solid khaki"> (<a href="http://terminology.hl7.org/5.0.0/CodeSystem-condition-clinical.html">Condition Clinical Status Codes</a>#resolved)</span></p><p><b>verificationStatus</b>: Confirmed <span style="background: LightGoldenRodYellow; margin: 4px; border: 1px solid khaki"> (<a href="http://terminology.hl7.org/5.3.0/CodeSystem-condition-ver-status.html">ConditionVerificationStatus</a>#confirmed)</span></p><p><b>category</b>: Encounter Diagnosis <span style="background: LightGoldenRodYellow; margin: 4px; border: 1px solid khaki"> (<a href="http://terminology.hl7.org/5.0.0/CodeSystem-condition-category.html">Condition Category Codes</a>#encounter-diagnosis)</span></p><p><b>code</b>: Foo <span style="background: LightGoldenRodYellow; margin: 4px; border: 1px solid khaki"> ()</span></p><p><b>subject</b>: <a href="Patient-example.html">Patient/example: Amy Shaw</a></p><p><b>encounter</b>: <a href="Encounter-example-1.html">Encounter/example-1</a></p><p><b>onset</b>: 2015-10-31</p><p><b>abatement</b>: 2015-12-01</p><p><b>recordedDate</b>: 2015-11-01</p></div>
  </text>
  <extension url="http://hl7.org/fhir/StructureDefinition/condition-assertedDate">
    <valueDateTime value="2015-10-31"/>
  </extension>
  <clinicalStatus>
    <coding>
      <system value="http://terminology.hl7.org/CodeSystem/condition-clinical"/>
      <code value="resolved"/>
    </coding>
  </clinicalStatus>
  <verificationStatus>
    <coding>
      <system value="http://terminology.hl7.org/CodeSystem/condition-ver-status"/>
      <code value="confirmed"/>
    </coding>
  </verificationStatus>
  <category>
    <coding>
      <system value="http://terminology.hl7.org/CodeSystem/condition-category"/>
      <code value="encounter-diagnosis"/>
      <display value="Encounter Diagnosis"/>
    </coding>
  </category>
  <code>
    <text value="Foo"/>
  </code>
  <subject>
    <reference value="Patient/example"/>
    <display value="Amy Shaw"/>
  </subject>
  <encounter>
    <reference value="Encounter/example-1"/>
  </encounter>
  <onsetDateTime value="2015-10-31"/>
  <abatementDateTime value="2015-12-01"/>
  <recordedDate value="2015-11-01"/>
</Condition>