<?xml version="1.0" encoding="UTF-8"?>

<Bundle xmlns="http://hl7.org/fhir">
  <id value="9d79cbe5-e288-48fe-a7a5-d13286481b8c"/>
  <meta>
    <lastUpdated value="2024-03-01T16:44:56.148+00:00"/>
  </meta>
  <type value="collection"/>
  <entry>
    <fullUrl value="http://hl7.org/fhir/us/core/ValueSet/uscore-common-sdoh-assessments"/>
    <resource>
      <ValueSet>
        <text>
          <status value="generated"/>
          <div xmlns="http://www.w3.org/1999/xhtml">
            <p style="border: black 1px dotted; background-color: #EEEEEE; padding: 8px; margin-bottom: 8px">Expansion based on Loinc v2.74</p>
            <p style="border: maroon 1px solid; background-color: #FFCCCC; font-weight: bold; padding: 8px">This value set has 19 codes in it. In order to keep the publication size manageable, only a selection (16 codes) of the whole set of codes is shown.</p>
            <table class="codes">
              <tr>
                <td style="white-space:nowrap">
                  <b>Code</b>
                </td>
                <td>
                  <b>System</b>
                </td>
                <td>
                  <b>Display</b>
                </td>
              </tr>
              <tr>
                <td style="white-space:nowrap">
                  <a name="http---loinc.org-88123-5"> </a>  
                  <a href="https://loinc.org/88123-5/">88123-5</a>
                </td>
                <td>http://loinc.org</td>
                <td>Within the past 12 months the food we bought just didn't last and we didn't have money to get more [U.S. FSS]</td>
              </tr>
              <tr>
                <td style="white-space:nowrap">
                  <a name="http---loinc.org-88122-7"> </a>  
                  <a href="https://loinc.org/88122-7/">88122-7</a>
                </td>
                <td>http://loinc.org</td>
                <td>Within the past 12 months we worried whether our food would run out before we got money to buy more [U.S. FSS]</td>
              </tr>
              <tr>
                <td style="white-space:nowrap">
                  <a name="http---loinc.org-96779-4"> </a>  
                  <a href="https://loinc.org/96779-4/">96779-4</a>
                </td>
                <td>http://loinc.org</td>
                <td>Has the electric, gas, oil, or water company threatened to shut off services in your home in past 12 months</td>
              </tr>
              <tr>
                <td style="white-space:nowrap">
                  <a name="http---loinc.org-71802-3"> </a>  
                  <a href="https://loinc.org/71802-3/">71802-3</a>
                </td>
                <td>http://loinc.org</td>
                <td>Housing status</td>
              </tr>
              <tr>
                <td style="white-space:nowrap">
                  <a name="http---loinc.org-93029-7"> </a>  
                  <a href="https://loinc.org/93029-7/">93029-7</a>
                </td>
                <td>http://loinc.org</td>
                <td>How often do you see or talk to people that you care about and feel close to [PRAPARE]</td>
              </tr>
              <tr>
                <td style="white-space:nowrap">
                  <a name="http---loinc.org-76437-3"> </a>  
                  <a href="https://loinc.org/76437-3/">76437-3</a>
                </td>
                <td>http://loinc.org</td>
                <td>Primary insurance</td>
              </tr>
              <tr>
                <td style="white-space:nowrap">
                  <a name="http---loinc.org-81375-8"> </a>  
                  <a href="https://loinc.org/81375-8/">81375-8</a>
                </td>
                <td>http://loinc.org</td>
                <td>Self assessment of health status [Reported]</td>
              </tr>
              <tr>
                <td style="white-space:nowrap">
                  <a name="http---loinc.org-93038-8"> </a>  
                  <a href="https://loinc.org/93038-8/">93038-8</a>
                </td>
                <td>http://loinc.org</td>
                <td>Stress level</td>
              </tr>
              <tr>
                <td style="white-space:nowrap">
                  <a name="http---loinc.org-96780-2"> </a>  
                  <a href="https://loinc.org/96780-2/">96780-2</a>
                </td>
                <td>http://loinc.org</td>
                <td>Wants help finding or keeping work or a job</td>
              </tr>
              <tr>
                <td style="white-space:nowrap">
                  <a name="http---loinc.org-67875-5"> </a>  
                  <a href="https://loinc.org/67875-5/">67875-5</a>
                </td>
                <td>http://loinc.org</td>
                <td>Employment status - current</td>
              </tr>
              <tr>
                <td style="white-space:nowrap">
                  <a name="http---loinc.org-95618-5"> </a>  
                  <a href="https://loinc.org/95618-5/">95618-5</a>
                </td>
                <td>http://loinc.org</td>
                <td>Physically hurt you [HITS]</td>
              </tr>
              <tr>
                <td style="white-space:nowrap">
                  <a name="http---loinc.org-93031-3"> </a>  
                  <a href="https://loinc.org/93031-3/">93031-3</a>
                </td>
                <td>http://loinc.org</td>
                <td>Have you or any family members you live with been unable to get any of the following when it was really needed in past 1 year [PRAPARE]</td>
              </tr>
              <tr>
                <td style="white-space:nowrap">
                  <a name="http---loinc.org-93030-5"> </a>  
                  <a href="https://loinc.org/93030-5/">93030-5</a>
                </td>
                <td>http://loinc.org</td>
                <td>Has lack of transportation kept you from medical appointments, meetings, work, or from getting things needed for daily living</td>
              </tr>
              <tr>
                <td style="white-space:nowrap">
                  <a name="http---loinc.org-63586-2"> </a>  
                  <a href="https://loinc.org/63586-2/">63586-2</a>
                </td>
                <td>http://loinc.org</td>
                <td>What was your best estimate of the total income of all family members from all sources, before taxes, in last year [PhenX]</td>
              </tr>
              <tr>
                <td style="white-space:nowrap">
                  <a name="http---loinc.org-96782-8"> </a>  
                  <a href="https://loinc.org/96782-8/">96782-8</a>
                </td>
                <td>http://loinc.org</td>
                <td>Wants help with school or training</td>
              </tr>
              <tr>
                <td style="white-space:nowrap">
                  <a name="http---loinc.org-93677-3"> </a>  
                  <a href="https://loinc.org/93677-3/">93677-3</a>
                </td>
                <td>http://loinc.org</td>
                <td>Do you need help with legal issues [WellRx]</td>
              </tr>
            </table>
          </div>
        </text>
        <url value="http://hl7.org/fhir/us/core/ValueSet/uscore-common-sdoh-assessments"/>
        <version value="0.0.0"/>
        <name value="USCoreCommonSDOHAssessments"/>
        <title value="US Core Common SDOH Assessments ValueSet"/>
        <status value="active"/>
        <experimental value="true"/>
        <date value="2021-11-15"/>
        <jurisdiction>
          <coding>
            <system value="urn:iso:std:iso:3166"/>
            <code value="US"/>
          </coding>
        </jurisdiction>
        <expansion>
          <identifier value="urn:uuid:08449ba6-7a51-45f0-88fa-0df51d5baa64"/>
          <timestamp value="2024-03-01T16:45:26+00:00"/>
          <total value="19"/>
          <offset value="0"/>
          <parameter>
            <name value="count"/>
            <valueInteger value="1000"/>
          </parameter>
          <parameter>
            <name value="offset"/>
            <valueInteger value="0"/>
          </parameter>
          <parameter>
            <name value="excludeNested"/>
            <valueBoolean value="false"/>
          </parameter>
          <parameter>
            <name value="used-valueset"/>
            <valueUri value="null"/>
          </parameter>
          <parameter>
            <name value="used-codesystem"/>
            <valueUri value="http://loinc.org|2.74"/>
          </parameter>
          <parameter>
            <name value="version"/>
            <valueUri value="http://loinc.org|2.74"/>
          </parameter>
          <contains>
            <system value="http://loinc.org"/>
            <code value="88123-5"/>
            <display value="Within the past 12 months the food we bought just didn't last and we didn't have money to get more [U.S. FSS]"/>
          </contains>
          <contains>
            <system value="http://loinc.org"/>
            <code value="88122-7"/>
            <display value="Within the past 12 months we worried whether our food would run out before we got money to buy more [U.S. FSS]"/>
          </contains>
          <contains>
            <system value="http://loinc.org"/>
            <code value="96779-4"/>
            <display value="Has the electric, gas, oil, or water company threatened to shut off services in your home in past 12 months"/>
          </contains>
          <contains>
            <system value="http://loinc.org"/>
            <code value="71802-3"/>
            <display value="Housing status"/>
          </contains>
          <contains>
            <system value="http://loinc.org"/>
            <code value="93029-7"/>
            <display value="How often do you see or talk to people that you care about and feel close to [PRAPARE]"/>
          </contains>
          <contains>
            <system value="http://loinc.org"/>
            <code value="76437-3"/>
            <display value="Primary insurance"/>
          </contains>
          <contains>
            <system value="http://loinc.org"/>
            <code value="81375-8"/>
            <display value="Self assessment of health status [Reported]"/>
          </contains>
          <contains>
            <system value="http://loinc.org"/>
            <code value="93038-8"/>
            <display value="Stress level"/>
          </contains>
          <contains>
            <system value="http://loinc.org"/>
            <code value="96780-2"/>
            <display value="Wants help finding or keeping work or a job"/>
          </contains>
          <contains>
            <system value="http://loinc.org"/>
            <code value="67875-5"/>
            <display value="Employment status - current"/>
          </contains>
          <contains>
            <system value="http://loinc.org"/>
            <code value="95618-5"/>
            <display value="Physically hurt you [HITS]"/>
          </contains>
          <contains>
            <system value="http://loinc.org"/>
            <code value="93031-3"/>
            <display value="Have you or any family members you live with been unable to get any of the following when it was really needed in past 1 year [PRAPARE]"/>
          </contains>
          <contains>
            <system value="http://loinc.org"/>
            <code value="93030-5"/>
            <display value="Has lack of transportation kept you from medical appointments, meetings, work, or from getting things needed for daily living"/>
          </contains>
          <contains>
            <system value="http://loinc.org"/>
            <code value="63586-2"/>
            <display value="What was your best estimate of the total income of all family members from all sources, before taxes, in last year [PhenX]"/>
          </contains>
          <contains>
            <system value="http://loinc.org"/>
            <code value="96782-8"/>
            <display value="Wants help with school or training"/>
          </contains>
          <contains>
            <system value="http://loinc.org"/>
            <code value="93677-3"/>
            <display value="Do you need help with legal issues [WellRx]"/>
          </contains>
        </expansion>
      </ValueSet>
    </resource>
  </entry>
  <entry>
    <fullUrl value="http://hl7.org/fhir/us/core/ValueSet/uscore-pa-codes"/>
    <resource>
      <ValueSet>
        <text>
          <status value="generated"/>
          <div xmlns="http://www.w3.org/1999/xhtml">
            <p style="border: black 1px dotted; background-color: #EEEEEE; padding: 8px; margin-bottom: 8px">Expansion based on Loinc v2.74</p>
            <p>This value set contains 11 concepts.</p>
            <table class="codes">
              <tr>
                <td style="white-space:nowrap">
                  <b>Code</b>
                </td>
                <td>
                  <b>System</b>
                </td>
                <td>
                  <b>Display</b>
                </td>
              </tr>
              <tr>
                <td style="white-space:nowrap">
                  <a name="http---loinc.org-73985-4"> </a>  
                  <a href="https://loinc.org/73985-4/">73985-4</a>
                </td>
                <td>http://loinc.org</td>
                <td>Exercise activity</td>
              </tr>
              <tr>
                <td style="white-space:nowrap">
                  <a name="http---loinc.org-55411-3"> </a>  
                  <a href="https://loinc.org/55411-3/">55411-3</a>
                </td>
                <td>http://loinc.org</td>
                <td>Exercise duration</td>
              </tr>
              <tr>
                <td style="white-space:nowrap">
                  <a name="http---loinc.org-77592-4"> </a>  
                  <a href="https://loinc.org/77592-4/">77592-4</a>
                </td>
                <td>http://loinc.org</td>
                <td>Moderate physical activity [IPAQ]</td>
              </tr>
              <tr>
                <td style="white-space:nowrap">
                  <a name="http---loinc.org-77593-2"> </a>  
                  <a href="https://loinc.org/77593-2/">77593-2</a>
                </td>
                <td>http://loinc.org</td>
                <td>Vigorous physical activity [IPAQ]</td>
              </tr>
              <tr>
                <td style="white-space:nowrap">
                  <a name="http---loinc.org-55426-1"> </a>  
                  <a href="https://loinc.org/55426-1/">55426-1</a>
                </td>
                <td>http://loinc.org</td>
                <td>Heart rate unspecified time maximum by Pedometer</td>
              </tr>
              <tr>
                <td style="white-space:nowrap">
                  <a name="http---loinc.org-55425-3"> </a>  
                  <a href="https://loinc.org/55425-3/">55425-3</a>
                </td>
                <td>http://loinc.org</td>
                <td>Heart rate unspecified time mean by Pedometer</td>
              </tr>
              <tr>
                <td style="white-space:nowrap">
                  <a name="http---loinc.org-55424-6"> </a>  
                  <a href="https://loinc.org/55424-6/">55424-6</a>
                </td>
                <td>http://loinc.org</td>
                <td>Calories burned in unspecified time Pedometer</td>
              </tr>
              <tr>
                <td style="white-space:nowrap">
                  <a name="http---loinc.org-89555-7"> </a>  
                  <a href="https://loinc.org/89555-7/">89555-7</a>
                </td>
                <td>http://loinc.org</td>
                <td>How many days per week did you engage in moderate to strenuous physical activity in the last 30 days</td>
              </tr>
              <tr>
                <td style="white-space:nowrap">
                  <a name="http---loinc.org-68516-4"> </a>  
                  <a href="https://loinc.org/68516-4/">68516-4</a>
                </td>
                <td>http://loinc.org</td>
                <td>On those days that you engage in moderate to strenuous exercise, how many minutes, on average, do you exercise</td>
              </tr>
              <tr>
                <td style="white-space:nowrap">
                  <a name="http---loinc.org-82290-8"> </a>  
                  <a href="https://loinc.org/82290-8/">82290-8</a>
                </td>
                <td>http://loinc.org</td>
                <td>Frequency of moderate to vigorous aerobic physical activity</td>
              </tr>
              <tr>
                <td style="white-space:nowrap">
                  <a name="http---loinc.org-82291-6"> </a>  
                  <a href="https://loinc.org/82291-6/">82291-6</a>
                </td>
                <td>http://loinc.org</td>
                <td>Frequency of muscle-strengthening physical activity</td>
              </tr>
            </table>
          </div>
        </text>
        <url value="http://hl7.org/fhir/us/core/ValueSet/uscore-pa-codes"/>
        <version value="0.0.0"/>
        <name value="USCorePaCodesValueSet"/>
        <title value="US Core PA Codes ValueSet"/>
        <status value="draft"/>
        <experimental value="true"/>
        <date value="2023-10-30"/>
        <jurisdiction>
          <coding>
            <system value="urn:iso:std:iso:3166"/>
            <code value="US"/>
          </coding>
        </jurisdiction>
        <expansion>
          <identifier value="urn:uuid:90ce6614-206e-4d6e-966e-089a3733d70c"/>
          <timestamp value="2024-03-01T16:45:26+00:00"/>
          <total value="11"/>
          <offset value="0"/>
          <parameter>
            <name value="count"/>
            <valueInteger value="1000"/>
          </parameter>
          <parameter>
            <name value="offset"/>
            <valueInteger value="0"/>
          </parameter>
          <parameter>
            <name value="excludeNested"/>
            <valueBoolean value="false"/>
          </parameter>
          <parameter>
            <name value="used-valueset"/>
            <valueUri value="null"/>
          </parameter>
          <parameter>
            <name value="used-codesystem"/>
            <valueUri value="http://loinc.org|2.74"/>
          </parameter>
          <parameter>
            <name value="version"/>
            <valueUri value="http://loinc.org|2.74"/>
          </parameter>
          <contains>
            <system value="http://loinc.org"/>
            <code value="73985-4"/>
            <display value="Exercise activity"/>
          </contains>
          <contains>
            <system value="http://loinc.org"/>
            <code value="55411-3"/>
            <display value="Exercise duration"/>
          </contains>
          <contains>
            <system value="http://loinc.org"/>
            <code value="77592-4"/>
            <display value="Moderate physical activity [IPAQ]"/>
          </contains>
          <contains>
            <system value="http://loinc.org"/>
            <code value="77593-2"/>
            <display value="Vigorous physical activity [IPAQ]"/>
          </contains>
          <contains>
            <system value="http://loinc.org"/>
            <code value="55426-1"/>
            <display value="Heart rate unspecified time maximum by Pedometer"/>
          </contains>
          <contains>
            <system value="http://loinc.org"/>
            <code value="55425-3"/>
            <display value="Heart rate unspecified time mean by Pedometer"/>
          </contains>
          <contains>
            <system value="http://loinc.org"/>
            <code value="55424-6"/>
            <display value="Calories burned in unspecified time Pedometer"/>
          </contains>
          <contains>
            <system value="http://loinc.org"/>
            <code value="89555-7"/>
            <display value="How many days per week did you engage in moderate to strenuous physical activity in the last 30 days"/>
          </contains>
          <contains>
            <system value="http://loinc.org"/>
            <code value="68516-4"/>
            <display value="On those days that you engage in moderate to strenuous exercise, how many minutes, on average, do you exercise"/>
          </contains>
          <contains>
            <system value="http://loinc.org"/>
            <code value="82290-8"/>
            <display value="Frequency of moderate to vigorous aerobic physical activity"/>
          </contains>
          <contains>
            <system value="http://loinc.org"/>
            <code value="82291-6"/>
            <display value="Frequency of muscle-strengthening physical activity"/>
          </contains>
        </expansion>
      </ValueSet>
    </resource>
  </entry>
</Bundle>