{
  "resourceType" : "ValueSet",
  "id" : "uscore-pa-codes",
  "text" : {
    "status" : "generated",
    "div" : "<div xmlns=\"http://www.w3.org/1999/xhtml\"><ul><li>Include these codes as defined in <a href=\"http://loinc.org\"><code>http://loinc.org</code></a><table class=\"none\"><tr><td style=\"white-space:nowrap\"><b>Code</b></td><td><b>Display</b></td></tr><tr><td><a href=\"https://loinc.org/73985-4/\">73985-4</a></td><td>Exercise activity</td></tr><tr><td><a href=\"https://loinc.org/55411-3/\">55411-3</a></td><td>Exercise duration</td></tr><tr><td><a href=\"https://loinc.org/77592-4/\">77592-4</a></td><td>Moderate physical activity [IPAQ]</td></tr><tr><td><a href=\"https://loinc.org/77593-2/\">77593-2</a></td><td>Vigorous physical activity [IPAQ]</td></tr><tr><td><a href=\"https://loinc.org/55426-1/\">55426-1</a></td><td>Heart rate unspecified time maximum by Pedometer</td></tr><tr><td><a href=\"https://loinc.org/55425-3/\">55425-3</a></td><td>Heart rate unspecified time mean by Pedometer</td></tr><tr><td><a href=\"https://loinc.org/55424-6/\">55424-6</a></td><td>Calories burned in unspecified time Pedometer</td></tr><tr><td><a href=\"https://loinc.org/89555-7/\">89555-7</a></td><td>How many days per week did you engage in moderate to strenuous physical activity in the last 30 days</td></tr><tr><td><a href=\"https://loinc.org/68516-4/\">68516-4</a></td><td>On those days that you engage in moderate to strenuous exercise, how many minutes, on average, do you exercise</td></tr><tr><td><a href=\"https://loinc.org/82290-8/\">82290-8</a></td><td>Frequency of moderate to vigorous aerobic physical activity</td></tr><tr><td><a href=\"https://loinc.org/82291-6/\">82291-6</a></td><td>Frequency of muscle-strengthening physical activity</td></tr></table></li></ul></div>"
  },
  "extension" : [{
    "url" : "http://hl7.org/fhir/StructureDefinition/structuredefinition-standards-status",
    "valueCode" : "informative",
    "_valueCode" : {
      "extension" : [{
        "url" : "http://hl7.org/fhir/StructureDefinition/structuredefinition-conformance-derivedFrom",
        "valueCanonical" : "http://www.fhir.org/guides/uscdi4-sandbox/ImplementationGuide/uscdi4-sandbox"
      }]
    }
  }],
  "url" : "http://hl7.org/fhir/us/core/ValueSet/uscore-pa-codes",
  "version" : "0.0.0",
  "name" : "USCorePaCodesValueSet",
  "title" : "US Core PA Codes ValueSet",
  "status" : "draft",
  "experimental" : true,
  "date" : "2023-10-30",
  "publisher" : "Health eData Inc",
  "contact" : [{
    "telecom" : [{
      "system" : "email",
      "value" : "mailto:ehaas@healthedatainc.com"
    }]
  }],
  "description" : "A starter set of Physical Activity codes based off the [Physical activity IG](https://hl7.org/fhir/us/physical-activity/)",
  "jurisdiction" : [{
    "coding" : [{
      "system" : "urn:iso:std:iso:3166",
      "code" : "US"
    }]
  }],
  "compose" : {
    "include" : [{
      "system" : "http://loinc.org",
      "concept" : [{
        "code" : "73985-4",
        "display" : "Exercise activity"
      },
      {
        "code" : "55411-3",
        "display" : "Exercise duration"
      },
      {
        "code" : "77592-4",
        "display" : "Moderate physical activity [IPAQ]"
      },
      {
        "code" : "77593-2",
        "display" : "Vigorous physical activity [IPAQ]"
      },
      {
        "code" : "55426-1",
        "display" : "Heart rate unspecified time maximum by Pedometer"
      },
      {
        "code" : "55425-3",
        "display" : "Heart rate unspecified time mean by Pedometer"
      },
      {
        "code" : "55424-6",
        "display" : "Calories burned in unspecified time Pedometer"
      },
      {
        "code" : "89555-7",
        "display" : "How many days per week did you engage in moderate to strenuous physical activity in the last 30 days"
      },
      {
        "code" : "68516-4",
        "display" : "On those days that you engage in moderate to strenuous exercise, how many minutes, on average, do you exercise"
      },
      {
        "code" : "82290-8",
        "display" : "Frequency of moderate to vigorous aerobic physical activity"
      },
      {
        "code" : "82291-6",
        "display" : "Frequency of muscle-strengthening physical activity"
      }]
    }]
  }
}