﻿data_class_number,data_class,uscore_profile,data_element,resource_type,,extension,fhir_path,comment,comment_link
1,Allergies and Intolerances,US Core AllergyIntolerance Profile,,,,,AllergyIntolerance,,
,Allergies and Intolerances,US Core AllergyIntolerance Profile,Substance (Medication),AllergyIntolerance,AllergyIntolerance,,AllergyIntolerance.code,,
,Allergies and Intolerances,US Core AllergyIntolerance Profile,Substance (Drug Class),AllergyIntolerance,AllergyIntolerance,,AllergyIntolerance.code,,
,Allergies and Intolerances,US Core AllergyIntolerance Profile,Substance (Non-Medication),AllergyIntolerance,AllergyIntolerance,,AllergyIntolerance.code,,
,Allergies and Intolerances,US Core AllergyIntolerance Profile,Reaction,AllergyIntolerance,AllergyIntolerance,,AllergyIntolerance.reaction,,
2,Care Team Members,US Core CareTeam Profile,,,,,CareTeam.participant,,
,Care Team Members,US Core Practitioner Profile| US Core Patient Profile| US Core RelatedPerson Profile,Name,CareTeam,CareTeam,,"Practitioner.name, RelatedPerson.name",,
,Care Team Members,US Core Practitioner Profile| US Core Patient Profile,Identifier,CareTeam,CareTeam,,Practitioner.identifier,,
,Care Team Members,US Core PractitionerRole Profile| US Core Practitioner Profile| US Core Patient Profile| US Core RelatedPerson Profile,Location,CareTeam,CareTeam,,"PractitionerRole.address, Practitioner.address, RelatedPerson.address",,
,Care Team Members,US Core PractitionerRole Profile| US Core Practitioner Profile| US Core Patient Profile| US Core RelatedPerson Profile,Telecom,CareTeam,CareTeam,,"PractitionerRole.telecom, Practitioner.telecom, RelatedPerson.telecom",,
,Care Team Members,US Core CareTeam Profile,Role,CareTeam,CareTeam,,CareTeam.participant.role,,
3,Clinical Notes,US Core DocumentReference Profile|US Core DiagnosticReport Profile for Report and Note Exchange,,,,,"DocumentReference,DiagnosticReport",See Clinical Notes Guidance,clinical-notes.html
,Clinical Notes,US Core DocumentReference Profile,Consultation Note,DocumentReference,DocumentReference,,DocumentReference,,
,Clinical Notes,US Core DocumentReference Profile,Discharge Summary Note,DocumentReference,DocumentReference,,DocumentReference,,
,Clinical Notes,US Core DocumentReference Profile,History & Physical,DocumentReference,DocumentReference,,DocumentReference,,
,Clinical Notes,US Core DocumentReference Profile|US Core DiagnosticReport Profile for Report and Note Exchange,Imaging Narrative,DocumentReference | DiagnosticReport,DocumentReference | DiagnosticReport,,"DocumentReference,DiagnosticReport",,
,Clinical Notes,US Core DocumentReference Profile|US Core DiagnosticReport Profile for Report and Note Exchange,Laboratory Report Narrative,DocumentReference | DiagnosticReport,DocumentReference | DiagnosticReport,,"DocumentReference,DiagnosticReport",,
,Clinical Notes,US Core DocumentReference Profile|US Core DiagnosticReport Profile for Report and Note Exchange,Pathology Report Narrative,DocumentReference | DiagnosticReport,DocumentReference | DiagnosticReport,,"DocumentReference,DiagnosticReport",,
,Clinical Notes,US Core DocumentReference Profile|US Core DiagnosticReport Profile for Report and Note Exchange,Procedure Note,DocumentReference | DiagnosticReport,DocumentReference | DiagnosticReport,,"DocumentReference,DiagnosticReport",,
,Clinical Notes,US Core DocumentReference Profile,Progress Note,,,,DocumentReference,,
4,Clinical Tests,US Core Observation Clinical Result Profile| US Core DiagnosticReport Profile for Report and Note Exchange,Clinical Tests,Observation | DiagnosticReport,Observation | DiagnosticReport,,"Observation, DiagnosticReport",,
,Clinical Tests,US Core Observation Clinical Result Profile| US Core DiagnosticReport Profile for Report and Note Exchange,Clinical Test,Observation | DiagnosticReport,Observation | DiagnosticReport,,"Observation, DiagnosticReport",,
,Clinical Tests,US Core Observation Clinical Result Profile| US Core DiagnosticReport Profile for Report and Note Exchange,Clinical Test Result/Report,Observation | DiagnosticReport,Observation | DiagnosticReport,,"Observation, DiagnosticReport",,
5,Diagnostic Imaging,US Core Observation Clinical Result Profile| US Core DiagnosticReport Profile for Report and Note Exchange,,,,,"Observation, DiagnosticReport",,
,Diagnostic Imaging,US Core Observation Clinical Result Profile| US Core DiagnosticReport Profile for Report and Note Exchange,Diagnostic Imaging Test,Observation | DiagnosticReport,Observation | DiagnosticReport,,"Observation, DiagnosticReport",,
,Diagnostic Imaging,US Core Observation Clinical Result Profile| US Core DiagnosticReport Profile for Report and Note Exchange,Diagnostic Imaging Result/Report,Observation | DiagnosticReport,Observation | DiagnosticReport,,"Observation, DiagnosticReport",,
6,Encounter,US Core Encounter Profile,,,,,Encounter,,
,Encounter,US Core Encounter Profile,Identifier,Encounter,Encounter,,Encounter.identifier,,
,Encounter,US Core Encounter Profile,Type,Encounter,Encounter,,Encounter.type,,
,Encounter,US Core Condition Encounter Diagnosis Profile,Diagnosis,Condition,Condition,,Condition.code,,
,Encounter,US Core Encounter Profile,Time,Encounter,Encounter,,Encounter.period,,
,Encounter,US Core Encounter Profile,Location,Encounter,Encounter,,Encounter.location.location,,
,Encounter,US Core Encounter Profile,Disposition,Encounter,Encounter,,Encounter.hospitalization.dischargeDisposition,,
7,Facility Information,US Core Location Profile,,,,,Location,See Facility Information Guidance,StructureDefinition-us-core-location.html
,Facility Information,US Core Location Profile,Identifier,Location,Location,,Location.identifier,,
,Facility Information,US Core Location Profile,Type,Location,Location,,Location.type,,
,Facility Information,US Core Location Profile,Name,Location,Location,,Location.name,,
8,Goals and Preferences,US Core Goal Profile,,,,,Goal,,
,Goals and Preferences,US Core Goal Profile,Patient Goals,Goal,Goal,,Goal,,
,Goals and Preferences,US Core Goal Profile,SDOH Goals,Goal,Goal,,Goal,See Screening and Assessments Guidance,screening-and-assessments.html
,Goals and Preferences,US Core Treatment Intervention Preference Profile,Treatment Intervention Preference,Observation,Observation,,Observation,,
,Goals and Preferences,US Core Care Experience Preference Profile,Care Experience Preference,Observation,Observation,,Observation,,
9,Health Insurance Information,US Core Coverage Profile | US Core Organization Profile ,,,,,Coverage | Organization,,
,Health Insurance Information,US Core Coverage Profile,Coverage Status,Coverage,Coverage,,Coverage.status + Coverage.period,,
,Health Insurance Information,US Core Coverage Profile,Coverage Type,Coverage,Coverage,,Coverage.type,,
,Health Insurance Information,US Core Coverage Profile,Relationship to Subscriber,Coverage,Coverage,,"Coverage,relationship",,
,Health Insurance Information,US Core Coverage Profile,Member Identifier,Coverage,Coverage,,Coverage.identifier,,
,Health Insurance Information,US Core Coverage Profile,Subscriber Identifier,Coverage,Coverage,,Coverage.subscriberId,,
,Health Insurance Information,US Core Coverage Profile,Group Number,Coverage,Coverage,,Coverage.class,,
,Health Insurance Information,US Core Coverage Profile | US Core Organization Profile ,Payer Identifier,Coverage | Organization,Coverage | Organization,,Coverage.payer | Organization.identifier,,
10,Health Status Assessments,US Core Simple Observation Profile | US Core Condition Problems and Health Concerns Profile | US Core Observation Screening Assessment Profile | US Core QuestionnaireResponse Profile,,,,,"Observation,Condition,QuestionnaireResponse",,
,Health Status Assessments,US Core Condition Problems and Health Concerns Profile,Health Concerns,Condition,Condition,,Condition,,
,Health Status Assessments,US Core Simple Observation Profile | US Core Condition Problems and Health Concerns Profile | US Core Observation Screening Assessment Profile | US Core QuestionnaireResponse Profile,Functional Status,Observation,Observation,,Observation,See Screening and Assessments Guidance,screening-and-assessments.html
,Health Status Assessments,US Core Simple Observation Profile | US Core Condition Problems and Health Concerns Profile | US Core Observation Screening Assessment Profile | US Core QuestionnaireResponse Profile,Disability Status,Observation,Observation,,Observation,See Screening and Assessments Guidance,screening-and-assessments.html
,Health Status Assessments,US Core Simple Observation Profile | US Core Condition Problems and Health Concerns Profile | US Core Observation Screening Assessment Profile | US Core QuestionnaireResponse Profile,Mental/Cognitive Status,Observation,Observation,,Observation,See Screening and Assessments Guidance,screening-and-assessments.html
,Health Status Assessments,US Core Observation Pregnancy Status Profile| US Core Observation Pregnancy Intent Profile,Pregnancy Status,Observation,Observation,,Observation,,
,Health Status Assessments,US Core Simple Observation Profile | US Core Condition Problems and Health Concerns Profile | US Core Observation Screening Assessment Profile | US Core QuestionnaireResponse Profile,Alcohol Use,Simple | Condition | QuestionnaireResponse,Simple | Condition | QuestionnaireResponse,,"Observation,Condition,QuestionnaireResponse",See Screening and Assessments Guidance,screening-and-assessments.html
,Health Status Assessments,US Core Simple Observation Profile | US Core Condition Problems and Health Concerns Profile | US Core Observation Screening Assessment Profile | US Core QuestionnaireResponse Profile,Substance Use,Simple | Condition | QuestionnaireResponse,Simple | Condition | QuestionnaireResponse,,"Observation,Condition,QuestionnaireResponse",See Screening and Assessments Guidance,screening-and-assessments.html
,Health Status Assessments,US Core Simple Observation Profile | US Core Condition Problems and Health Concerns Profile | US Core Observation Screening Assessment Profile | US Core QuestionnaireResponse Profile,Physical Activity,Simple | Condition | QuestionnaireResponse,Simple | Condition | QuestionnaireResponse,,"Observation,Condition,QuestionnaireResponse",See Screening and Assessments Guidance,screening-and-assessments.html
,Health Status Assessments,US Core Simple Observation Profile | US Core Condition Problems and Health Concerns Profile | US Core Observation Screening Assessment Profile | US Core QuestionnaireResponse Profile,SDOH Assessment,Simple | Condition | QuestionnaireResponse,Simple | Condition | QuestionnaireResponse,,"Observation,Condition,QuestionnaireResponse",See Screening and Assessments Guidance,screening-and-assessments.html
,Health Status Assessments,US Core Smoking Status Observation Profile,Smoking Status,Observation,Observation,,Observation,,
11,Immunizations,US Core Immunization Profile,,,,,Immunization,,
,Immunizations,US Core Immunization Profile,,Immunization,Immunization,,Immunization,,
12,Laboratory,US Core Laboratory Result Observation Profile| US Core DiagnosticReport Profile for Laboratory Results Reporting | US Core Specimen Profile,,,,,"Observation, DiagnosticReport,Specimen",,
,Laboratory,US Core Laboratory Result Observation Profile| US Core DiagnosticReport Profile for Laboratory Results Reporting,Tests,Observation | DiagnosticReport,Observation | DiagnosticReport,,"Observation.code, DiagnosticReport.code",,
,Laboratory,US Core Laboratory Result Observation Profile| US Core DiagnosticReport Profile for Laboratory Results Reporting,Values/Results,Observation | DiagnosticReport,Observation | DiagnosticReport,,"Observation.value[x], DiagnosticReport.result",,
,Laboratory,US Core Laboratory Result Observation Profile| US Core Specimen Profile,Specimen Type,Observation | Specimen,Observation | Specimen,,"Observation.specimen, Specimen",,
,Laboratory,US Core Laboratory Result Observation Profile| US Core DiagnosticReport Profile for Laboratory Results Reporting,Result Status,Observation | DiagnosticReport,Observation | DiagnosticReport,,"Observation.status, DiagnosticReport.status",,
,Laboratory,US Core Laboratory Result Observation Profile,Result Unit of Measure,Observation,Observation,,(Observation.value.ofType(Quantity)).code,,
,Laboratory,US Core Laboratory Result Observation Profile,Result Reference Range,Observation,Observation,,Observation.referenceRange,,
,Laboratory,US Core Laboratory Result Observation Profile,Result Interpretation,Observation,Observation,,Observation.interpretation,,
,Laboratory,US Core Specimen Profile,Specimen Identifier,Specimen,Specimen,,Specimen.identifier,,
,Laboratory,US Core Specimen Profile,Specimen Source Site,Specimen,Specimen,,Specimen.collection.bodySite,,
,Laboratory,US Core Specimen Profile,Specimen Condition Acceptability,Specimen,Specimen,,Specimen.condition,,
13,Medical Devices,US Core Implantable Device Profile,,,,,Device,,
,Medical Devices,US Core Implantable Device Profile,Unique Device Identifier(s) for a Patient's Implantable Device(s),Device,Device,,Device,,
14,Medications,US Core MedicationRequest Profile | US Core MedicationDispense Profile | US Core Medication Profile,,,,,"MedicationRequest, MedicationDispense, Medication",See Medication List Guidance,medication-list.html
,Medications,US Core Medication Profile | US Core MedicationRequest Profile,Medications,Medication | MedicationRequest,Medication | MedicationRequest,,"Medication.code, MedicationRequest.medication[x]",,
,Medications,US Core MedicationRequest Profile,Dose,MedicationRequest,MedicationRequest,,MedicationRequest.dosageInstruction.doseAndRate,,
,Medications,US Core MedicationRequest Profile,Dose Unit of Measure,MedicationRequest,MedicationRequest,,MedicationRequest.dosageInstruction.doseAndRate,,
,Medications,US Core MedicationRequest Profile,Indication,MedicationRequest,MedicationRequest,,MedicationRequest.reasonCode | Medication.reasonReference,,
,Medications,US Core MedicationRequest Profile,Medication Instructions,MedicationRequest,MedicationRequest,,MedicationRequest.dosageInstruction,,
,Medications,US Core MedicationRequest Profile,Medication Adherence,MedicationRequest,MedicationRequest,US Core Medication Adherence Extension,MedicationRequest.extension.where(url='Patient.extension.where(url='http://hl7.org/fhir/us/core/StructureDefinition/us-core-medication-adherence'),,
,Medications,US Core MedicationDispense Profile,Fill Status,Medication | MedicationDispense,Medication | MedicationDispense,,MedicationDispense,,
15,Patient Demographics,US Core Patient Profile | US Core Observation Sexual Orientation Profile | US Core Observation Sexual Orientation Profile | US Core Observation Sexual Orientation Profile |US Core Observation Occupation Profile,,,,,"Patient, Observation",,
,Patient Demographics,US Core Patient Profile,First Name,Patient,Patient,,Patient.name.given,,
,Patient Demographics,US Core Patient Profile,Last Name,Patient,Patient,,Patient.name.family,,
,Patient Demographics,US Core Patient Profile,Previous Name,Patient,Patient,,Patient.name,,
,Patient Demographics,US Core Patient Profile,Middle Name (including middle initial),Patient,Patient,,Patient.name.given,,
,Patient Demographics,US Core Patient Profile,Suffix,Patient,Patient,,Patient.name.suffix,,
,Patient Demographics,US Core Patient Profile | US Core Sex Extension,Sex,Patient,Patient,US Core Sex Extension,Patient.extension.where(url='http://hl7.org/fhir/us/core/StructureDefinition/us-core-sex'),,
,Patient Demographics,US Core Patient Profile,Date of Birth,Patient,Patient,,Patient.birthDate,,
,Patient Demographics,US Core Patient Profile,Date of Death,Patient,Patient,,Patient.deceased[x],,
,Patient Demographics,US Core Race Extension,Race,Patient,Patient,US Core Race Extension,Patient.extension.where(url='http://hl7.org/fhir/us/core/StructureDefinition/us-core-race'),,
,Patient Demographics,US Core Patient Profile | US Core Ethnicity Extension,Ethnicity,Patient,Patient,US Core Ethnicity Extension,Patient.extension.where(url='http://hl7.org/fhir/us/core/StructureDefinition/us-core-ethnicity'),,
,Patient Demographics,US Core Patient Profile | US Core Tribal Affiliation Extension,Tribal Affiliation,Patient,Patient,US Core Tibal Affiliation Extension,Patient.extension.where(url='http://hl7.org/fhir/us/core/StructureDefinition/us-core-tribal-affiliation'),,
,Patient Demographics,US Core Patient Profile | US Core Gender Identity Extension,Gender Identity,Patient,Patient,Gender Identity Extension,Patient.extension.where(url='http://hl7.org/fhir/us/core/StructureDefinition/us-core-genderIdentity'),,
,Patient Demographics,US Core Observation Sexual Orientation Profile,Sexual Orientation,Observation,Observation,,Observation,,
,Patient Demographics,US Core Patient Profile,Preferred Language,Patient,Patient,,Patient.communication,,
,Patient Demographics,US Core Patient Profile,Address,Patient,Patient,,Patient.address,,
,Patient Demographics,US Core Patient Profile,Previous Address,Patient,Patient,,Patient.address,,
,Patient Demographics,US Core Patient Profile,Email,Patient,Patient,,Patient.telecom,,
,Patient Demographics,US Core Patient Profile,Phone Number,Patient,Patient,,Patient.telecom,,
,Patient Demographics,US Core RelatedPerson Profile,Related Person's Name,RelatedPerson,RelatedPerson,,RelatedPerson.name,,
,Patient Demographics,US Core RelatedPerson Profile,Related Person's Relationship,RelatedPerson,RelatedPerson,,RelatedPerson.relationship,,
,Patient Demographics,US Core Observation Occupation Profile,Occupation,Observation,Observation,,Observation,,
,Patient Demographics,US Core Observation Occupation Profile,Occupation Industry,Observation,Observation,,Observation,,
16,Patient Summary and Plan,US Core CarePlan Profile,,,,,CarePlan,,
,Patient Summary and Plan,US Core CarePlan Profile,Assessment and Plan of Treatment,CarePlan,CarePlan,,CarePlan,,
17,Problems,US Core Condition Problems and Health Concerns Profile,,Condition,Condition,,Condition,,
,Problems,US Core Condition Problems and Health Concerns Profile,Date of Resolution,Condition,Condition,,Condition.abatement[x],,
,Problems,US Core Condition Problems and Health Concerns Profile,Date of Diagnosis,Condition,Condition,assertedDate Extension,Condition.extension.where(url='http://hl7.org/fhir/StructureDefinition/condition-assertedDate') |  Condition.onset[x] | Condition.onsetDate,,
,Problems,US Core Condition Problems and Health Concerns Profile,SDOH Problems/Health Concerns,Condition,Condition,,Condition,See Screening and Assessments Guidance,screening-and-assessments.html
18,Procedures,US Core Procedure Profile | US Core ServiceRequest Profile,,,,,"Procedure, ServiceRequest",,
,Procedures,US Core Procedure Profile,Procedure,Procedure,Procedure,,Procedure,,
,Procedures,US Core Procedure Profile|US Core DiagnosticReport Profile for Report and Note Exchange|US Core Immunization Profile,Time of Procedure,Procedure | DiagnosticRepor | Immunization,Procedure | DiagnosticRepor | Immunization,,"Procedure.pertormed[x],DiagnosticReport.effective[x],Immunization.occurrence[x]",,
,Procedures,US Core ServiceRequest Profile,Reason for Referral,ServiceRequest,ServiceRequest,,"ServiceRequest.reasonCode, ServiceRequest.reasonReference",,
,Procedures,US Core ServiceRequest Profile | US Core Procedure Profile,SDOH Interventions,ServiceRequest | Procedure,ServiceRequest | Procedure,,"ServiceRequest, Procedure",See Screening and Assessments Guidance,screening-and-assessments.html
19,Provenance,US Core Provenance Profile,,,,,Provenance,See Basic Provenance Guidance,basic-provenance.html
,Provenance,US Core Provenance Profile,Author Time Stamp,Provenance,Provenance,,Provenance.recorded,,
,Provenance,US Core Provenance Profile,Author Organization,Provenance,Provenance,,Provenance.agent,,
20,Vital Signs,US Core Vital Signs Profile,,,,,Observation,,
,Vital Signs,US Core Average Blood Pressure Profile ,Average Blood Pressure,Observation,Observation,,Observation,,
,Vital Signs,US Core Blood Pressure Profile ,Diastolic blood pressure,Observation,Observation,,Observation,,
,Vital Signs,US Core Blood Pressure Profile ,Systolic blood pressure,Observation,Observation,,Observation,,
,Vital Signs,US Core Body Height Profile ,Body height,Observation,Observation,,Observation,,
,Vital Signs,US Core Body Weight Profile ,Body weight,Observation,Observation,,Observation,,
,Vital Signs,US Core Heart Rate Profile ,Heart rate,Observation,Observation,,Observation,,
,Vital Signs,US Core Respiratory Rate Profile ,Respiratory rate,Observation,Observation,,Observation,,
,Vital Signs,US Core Body Temperature Profile ,Body temperature,Observation,Observation,,Observation,,
,Vital Signs,US Core Pulse Oximetry Profile ,Pulse oximetry,Observation,Observation,,Observation,,
,Vital Signs,US Core Pulse Oximetry Profile ,Inhaled oxygen concentration,Observation,Observation,,Observation,,
,Vital Signs,US Core Pediatric BMI for Age Observation Profile ,BMI Percentile (2-20 years old),Observation,Observation,,Observation,,
,Vital Signs,US Core Pediatric Weight for Height Observation Profile ,Weight-for-length Percentile (Birth - 36 months),Observation,Observation,,Observation,,
,Vital Signs,US Core Pediatric Head Occipital Frontal Circumference Percentile Profile,Occipital Frontal Head Circumference Percentile (Birth - 36 months),Observation,Observation,,Observation,,